{
    "loss": 0.13382235169410706,
    "accuracy": 0.9901960492134094
}