{
    "loss": 2.2643933296203613,
    "accuracy": 0.8990384340286255
}