{
    "loss": 0.06034024432301521,
    "accuracy": 0.970588207244873
}