{
    "loss": 0.01755218580365181,
    "accuracy": 0.9901960492134094
}