{
    "loss": 0.15323269367218018,
    "accuracy": 0.9313725233078003
}